{"loss": [0.2641605734825134, 0.24978649616241455, 0.23909370601177216, 0.231655552983284, 0.2221849411725998, 0.21733388304710388, 0.2114923745393753, 0.20439301431179047, 0.19880788028240204, 0.1965901106595993, 0.19099541008472443, 0.18524272739887238, 0.1851051151752472, 0.18025603890419006, 0.17715208232402802, 0.1757078617811203, 0.17279717326164246, 0.16769857704639435, 0.1671699732542038, 0.16640861332416534, 0.16307975351810455, 0.16060227155685425, 0.1585027575492859, 0.15560995042324066, 0.15634819865226746, 0.15328307449817657, 0.15197287499904633, 0.14912311732769012, 0.14918255805969238, 0.14563052356243134, 0.14795419573783875, 0.1449190229177475], "accuracy": [0.9106134176254272, 0.9156093597412109, 0.9180002212524414, 0.9216203689575195, 0.9243382811546326, 0.9254998564720154, 0.9272253513336182, 0.9286801815032959, 0.9292553663253784, 0.931307852268219, 0.9319619536399841, 0.9347701072692871, 0.9342626333236694, 0.936044454574585, 0.937307596206665, 0.9372512102127075, 0.9383112788200378, 0.9402961730957031, 0.9396646022796631, 0.9396307468414307, 0.9410630464553833, 0.9413562417030334, 0.9425065517425537, 0.944130539894104, 0.9429576992988586, 0.9437471032142639, 0.9449537992477417, 0.9450553059577942, 0.9449086785316467, 0.9455515146255493, 0.9454274773597717, 0.9462394714355469], "val_loss": [0.25912442803382874, 0.2607978284358978, 0.2558068335056305, 0.24669188261032104, 0.2420259267091751, 0.23381583392620087, 0.2371053248643875, 0.24191711843013763, 0.23180601000785828, 0.22654196619987488, 0.22627516090869904, 0.23281684517860413, 0.22856856882572174, 0.21799087524414062, 0.22074496746063232, 0.2218201905488968, 0.2145199179649353, 0.21317197382450104, 0.21521562337875366, 0.21562395989894867, 0.21231302618980408, 0.21637055277824402, 0.21132563054561615, 0.22063256800174713, 0.20962762832641602, 0.21215736865997314, 0.207105815410614, 0.20576120913028717, 0.21051397919654846, 0.21837466955184937, 0.20189185440540314, 0.2108316570520401], "val_accuracy": [0.9125616550445557, 0.9112102389335632, 0.9133049249649048, 0.9164132475852966, 0.9168186783790588, 0.9197242856025696, 0.9192513227462769, 0.9131022095680237, 0.9195215702056885, 0.9225623607635498, 0.9226974844932556, 0.921481192111969, 0.9206703305244446, 0.9247246384620667, 0.9237110614776611, 0.9229001998901367, 0.9249273538589478, 0.9272248148918152, 0.9235759377479553, 0.9255355000495911, 0.924994945526123, 0.926278829574585, 0.9260761141777039, 0.9237786531448364, 0.9287789463996887, 0.9278329610824585, 0.9281708002090454, 0.9276978373527527, 0.9270896911621094, 0.9275626540184021, 0.9306034445762634, 0.9277653694152832]}