{"loss": [1.3294485807418823, 0.6260949969291687, 0.4689115285873413, 0.3961631953716278, 0.35236918926239014, 0.3195236623287201, 0.29802563786506653, 0.27836936712265015], "accuracy": [0.5985835194587708, 0.8030697703361511, 0.8513268232345581, 0.8724047541618347, 0.8860732316970825, 0.895715594291687, 0.9007567167282104, 0.9074218273162842], "val_loss": [0.6779729723930359, 0.4441174566745758, 0.3927881717681885, 0.361655056476593, 0.3025105893611908, 0.31477323174476624, 0.28830331563949585, 0.27159470319747925], "val_accuracy": [0.7868775129318237, 0.8527603149414062, 0.8733022212982178, 0.8832353353500366, 0.8966146111488342, 0.8949253559112549, 0.9043854475021362, 0.9072234630584717]}