{"loss": [0.6433327198028564, 0.6166104674339294, 0.6163994073867798, 0.5888779759407043, 0.5684698224067688, 0.5693807601928711, 0.5492316484451294, 0.5296196937561035, 0.5233688354492188, 0.5100369453430176, 0.5101069211959839, 0.5013142228126526, 0.4964364469051361, 0.4835689961910248, 0.4802464544773102, 0.47688809037208557, 0.4795876741409302, 0.470009982585907, 0.46499767899513245, 0.4584849178791046, 0.45977017283439636, 0.4476867616176605, 0.4436918795108795, 0.43963924050331116, 0.4391413927078247, 0.4357919991016388, 0.432704895734787, 0.4346599578857422, 0.43127012252807617, 0.43076619505882263, 0.427183598279953, 0.42159104347229004], "accuracy": [0.7995173335075378, 0.8108626008033752, 0.8087198734283447, 0.8166593313217163, 0.8252303600311279, 0.8249596953392029, 0.8318616151809692, 0.8360681533813477, 0.837962806224823, 0.8425979018211365, 0.840883731842041, 0.8457105755805969, 0.8462744355201721, 0.8507291078567505, 0.8517102599143982, 0.852984607219696, 0.8521162271499634, 0.8549920320510864, 0.8575182557106018, 0.8590632677078247, 0.858646035194397, 0.8608564138412476, 0.8628638386726379, 0.8641382455825806, 0.8641833066940308, 0.8653562068939209, 0.8662922382354736, 0.866258442401886, 0.8667207956314087, 0.8672846555709839, 0.8679952025413513, 0.8697432279586792], "val_loss": [0.5172950625419617, 0.48663440346717834, 0.5213049650192261, 0.4776809513568878, 0.6471474170684814, 0.47579723596572876, 0.49274682998657227, 0.4480779767036438, 0.43747755885124207, 0.5440627932548523, 0.4688226878643036, 0.5105381011962891, 0.44800934195518494, 0.4540233016014099, 0.4162173867225647, 0.4184018075466156, 0.46519094705581665, 0.4349837601184845, 0.42721930146217346, 0.4472905993461609, 0.40164700150489807, 0.5211610198020935, 0.44164928793907166, 0.38921815156936646, 0.3823593854904175, 0.3945939242839813, 0.41163283586502075, 0.39101681113243103, 0.40582239627838135, 0.41031867265701294, 0.405947208404541, 0.40112125873565674], "val_accuracy": [0.8324886560440063, 0.8446516394615173, 0.8370159864425659, 0.8507331609725952, 0.8024190664291382, 0.8478951454162598, 0.8499898910522461, 0.8599229454994202, 0.8585039377212524, 0.8371511697769165, 0.852692723274231, 0.8401243090629578, 0.8503953218460083, 0.859179675579071, 0.8682343363761902, 0.8685721755027771, 0.85715252161026, 0.86546391248703, 0.8612744212150574, 0.8600581288337708, 0.8755321502685547, 0.8391107320785522, 0.8596526980400085, 0.8772889971733093, 0.8780998587608337, 0.8774917125701904, 0.8696533441543579, 0.879451334476471, 0.8720859289169312, 0.8711399435997009, 0.8744509816169739, 0.8753969669342041]}