{"loss": [1.9273226261138916, 1.1643859148025513, 0.9780486226081848, 0.8797487616539001, 0.8067020773887634, 0.7532355189323425, 0.6966379284858704, 0.6800791621208191], "accuracy": [0.39666858315467834, 0.6296534538269043, 0.6898760795593262, 0.7217241525650024, 0.7451139688491821, 0.7635303735733032, 0.7825782895088196, 0.7881494760513306], "val_loss": [1.1553537845611572, 0.9628344774246216, 0.7949800491333008, 0.8016529679298401, 0.6880643963813782, 0.6236580014228821, 0.6012494564056396, 0.569765031337738], "val_accuracy": [0.6132171154022217, 0.6769376397132874, 0.7354550957679749, 0.7467396259307861, 0.7740387916564941, 0.7955942749977112, 0.8014054894447327, 0.8200554251670837]}